N,Drone,Truck Diesel Medium,Petit Van Diesel,Truck Électrique Medium,Petit Van Électrique
2,0.32,44.0,19.6,15.2,6.6
3,0.48,60.1051177665153,26.774097914174998,20.763586137523465,9.015767664977295
4,0.64,68.66904755831214,30.588939366884503,23.722034611053285,10.300357133746822
5,0.8,73.72510220173764,32.84118188986495,25.468671669691183,11.058765330260645
6,0.96,76.99999999999999,34.3,26.599999999999994,11.549999999999997
7,1.12,79.27265356351768,35.31236386011242,27.38509850376065,11.89089803452765
8,1.28,80.93324858422383,36.052083460245164,27.958758601822776,12.139987287633573
9,1.44,82.19554522531769,36.61437923673243,28.394824714200656,12.329331783797654
10,1.6,83.18536488623958,37.055298903870366,28.7367624152464,12.477804732935937
11,1.76,83.98116250511453,37.40979057046011,29.011674319948654,12.597174375767178
12,1.92,84.63420891481002,37.70069306205174,29.237272170570733,12.695131337221502
13,2.08,85.17933537191524,37.94352212021679,29.425588583025263,12.776900305787285
14,2.24,85.64098711150592,38.14916698603446,29.585068274883863,12.846148066725886
15,2.4,86.03680077186986,38.32548398019658,29.72180390300959,12.90552011578048
16,2.56,86.37980626532232,38.47827733637085,29.84029670983862,12.956970939798348
17,2.72,86.67983027143276,38.61192439363823,29.94394136649495,13.001974540714913
18,2.88,86.94441844743194,38.7297863993106,30.0353445545674,13.041662767114792
19,3.04,87.17945775117063,38.83448572552146,30.1165399504044,13.076918662675594
20,3.2,87.38960638681651,38.92809739049099,30.189136751809336,13.108440958022475
21,3.36,87.57859711751675,39.012284170530194,30.254424458778512,13.136789567627513
22,3.52,87.74945528225773,39.08839371664208,30.313448188416306,13.162418292338659
23,3.68,87.90465816258336,39.15752954515077,30.36706372889243,13.185698724387503
24,3.84,88.0462532633461,39.22060372639963,30.41597840006502,13.206937989501915
25,4.0,88.17594732195265,39.278376534324366,30.460781802129095,13.226392098292896
26,4.16,88.29517414042766,39.33148666255415,30.501969248511376,13.24427612106415
27,4.32,88.40514687963169,39.38047451910867,30.53995983114549,13.260772031944752
28,4.48,88.50689880536487,39.425800376935264,30.57511049639877,13.27603482080473
29,4.64,88.60131534914814,39.467858655529625,30.60772712061481,13.29019730237222
30,4.8,88.68915956476289,39.50698926066711,30.63807330419082,13.303373934714434
31,4.96,88.77109251170523,39.54348666430506,30.666377413134533,13.315663876755783
32,5.12,88.84768970476034,39.57760723212052,30.692838261644482,13.32715345571405
33,5.28,88.91945448614459,39.60957518019168,30.717629731577222,13.337918172921688
34,5.44,88.98682897035724,39.63958745043187,30.74090455339614,13.348024345553586
35,5.6000000000000005,89.05020305976825,39.667817726624044,30.762797420647214,13.357530458965238
36,5.76,89.10992191569679,39.694419762446756,30.78342757087707,13.366488287354517
37,5.92,89.16629218460326,39.71953015495964,30.80290093649931,13.374943827690489
38,6.08,89.21958721447852,39.743270668267705,30.82131194681985,13.382938082171776
39,6.24,89.27005144718282,39.76575019010872,30.838745045390432,13.390507717077424
40,6.4,89.31790413449096,39.787066387182335,30.855275973733235,13.397685620173641
41,6.5600000000000005,89.36334249611618,39.8073071119063,30.870972862294675,13.404501374417425
42,6.72,89.4065444149547,39.82655160302527,30.8858971615298,13.410981662243202
43,6.88,89.44767074667855,39.84487151442954,30.90010443976168,13.417150612001782
44,7.04,89.4868673064738,39.86233180015651,30.913645069509126,13.423030095971068
45,7.2,89.5242665843133,39.87899147846684,30.9265648200355,13.428639987646994
46,7.36,89.55998923102426,39.894904293819906,30.93890537071747,13.43399838465364
47,7.5200000000000005,89.59414535006302,39.910119292300806,30.950704757294496,13.439121802509453
48,7.68,89.62683562396792,39.924681323403895,30.9619977610071,13.444025343595188
49,7.84,89.65815229963283,39.938631478927356,30.972816248964065,13.448722844944923
50,8.0,89.6881800525998,39.95200747797628,30.983189472716294,13.45322700788997
51,8.16,89.71699674733712,39.964844005631996,30.993144330898275,13.457549512100567
52,8.32,89.74467410780497,39.97717301165858,31.002705600878077,13.461701116170744
53,8.48,89.77127831040914,39.9890239746368,31.011896143595884,13.46569174656137
54,8.64,89.79687050961482,40.00042413610115,31.020737085139665,13.469530576442223
55,8.8,89.82150730496836,40.01139870857682,31.029247978079976,13.473226095745254
56,8.96,89.84524115700208,40.02197106084638,31.03744694514617,13.47678617355031
57,9.120000000000001,89.86812075842623,40.03216288329896,31.04535080745633,13.480218113763932
58,9.28,89.89019136611358,40.04199433581423,31.05297519920287,13.483528704917036
59,9.44,89.91149509861997,40.05148418029435,31.06033467043235,13.486724264792993
60,9.6,89.93207120334108,40.060649899670125,31.067442779336012,13.489810680501163
61,9.76,89.9519562968574,40.069507804963756,31.074312175278013,13.49279344452861
62,9.92,89.97118458155246,40.07807313178247,31.080954673627215,13.495677687232869
63,10.08,89.98978804119093,40.086360127439605,31.087381323320507,13.498468206178641
64,10.24,90.00779661780138,40.094382129747885,31.093602467967745,13.501169492670204
65,10.4,90.02523837191396,40.10215163839804,31.099627801206637,13.503785755787092
66,10.56,90.04213962795147,40.10968037972384,31.10546641692869,13.50632094419272
67,10.72,90.05852510635299,40.11697936555724,31.111126854921938,13.508778765952947
68,10.88,90.07441804382016,40.12405894679262,31.1166171424106,13.511162706573023
69,11.040000000000001,90.08984030291354,40.13092886220694,31.121944831915584,13.51347604543703
70,11.200000000000001,90.10481247208166,40.13759828301819,31.127117035810024,13.515721870812248
71,11.36,90.11935395708343,40.1440758536099,31.13214045790155,13.517903093562515
72,11.52,90.13348306465484,40.1503697288008,31.13702142233531,13.520022459698225
73,11.68,90.14721707917627,40.15648760799671,31.141765900079076,13.52208256187644
74,11.84,90.16057233301417,40.16243676652449,31.146379533223076,13.524085849952124
75,12.0,90.173564271137,40.16822408441557,31.150867657301866,13.526034640670547
76,12.16,90.18620751054179,40.17385607287771,31.155235321823525,13.527931126581269
77,12.32,90.19851589497108,40.17933889866894,31.159487309171826,13.529777384245662
78,12.48,90.21050254534924,40.184678406564664,31.163628152029737,13.531575381802385
79,12.64,90.22217990632439,40.18988014008996,31.167662149457517,13.533326985948658
80,12.8,90.23355978926124,40.19494936067092,31.17159338174479,13.535033968389184
81,12.96,90.24465341199742,40.19989106534431,31.17542572414456,13.536698011799611
82,13.120000000000001,90.255471435643,40.20471000315007,31.179162859585762,13.53832071534645
83,13.280000000000001,90.2660239986772,40.20941069031985,31.182808290452122,13.53990359980158
84,13.44,90.27632074857058,40.213997424363264,31.1863653495062,13.541448112285586
85,13.6,90.28637087113974,40.21847429714407,31.189837210030092,13.54295563067096
86,13.76,90.29618311782203,40.22284520702981,31.193226895247605,13.544427467673302
87,13.92,90.3057658310397,40.227113870190415,31.19653728708644,13.545864874655953
88,14.08,90.3151269678086,40.23128383111474,31.199771134333876,13.547269045171287
89,14.24,90.32427412173038,40.23535847240717,31.202931060234132,13.548641118259557
90,14.4,90.3332145434969,40.23934102392135,31.20601956957165,13.549982181524534
91,14.56,90.3419551600221,40.24323457128257,31.209039055280357,13.551293274003314
92,14.72,90.35050259230772,40.247042063846166,31.211991804615394,13.552575388846158
93,14.88,90.35886317213956,40.2507663221349,31.21488000492094,13.553829475820933
94,15.040000000000001,90.36704295770218,40.25441004479461,31.217705749024386,13.555056443655326
95,15.200000000000001,90.3750477481934,40.25797581510433,31.22047104028499,13.55625716222901
96,15.36,90.38288309751212,40.26146610707359,31.22317779732237,13.55743246462682
97,15.52,90.39055432708767,40.26488329115724,31.22582785844847,13.55858314906315
98,15.68,90.39806653791213,40.268229639615406,31.22842298582419,13.559709980686819
99,15.84,90.40542462183386,40.27150733154417,31.230964869360783,13.560813693275078
100,16.0,90.41263327216342,40.274718457600066,31.233455130383724,13.561894990824511
101,16.16,90.41969699364121,40.27786502444018,31.235895325076054,13.56295454904618
102,16.32,90.42662011181051,40.28094895889741,31.238286947716357,13.563993016771576
103,16.48,90.43340678183728,40.283972111909335,31.240631433725603,13.56501101727559
104,16.64,90.44006099681413,40.2869362622172,31.242930162535785,13.566009149522117
105,16.8,90.44658659558365,40.2898431198509,31.245184460292535,13.566987989337548
106,16.96,90.452987270113,40.292694329413976,31.247395602402673,13.56794809051695
107,17.12,90.45926657244935,40.29549147318199,31.24956481593705,13.568889985867402
108,17.28,90.46542792128423,40.29823607402662,31.25169328189819,13.569814188192636
109,17.44,90.47147460815162,40.30092959817663,31.253782137361465,13.570721191222741
110,17.6,90.47740980328362,40.303573457826346,31.255832477497975,13.571611470492542
111,17.76,90.48323656114577,40.3061690136013,31.25784535748672,13.572485484171864
112,17.92,90.488957825672,40.30871757689026,31.259821794323056,13.5733436738508
113,18.080000000000002,90.49457643521797,40.31122041205165,31.26176276852984,13.574186465282695
114,18.240000000000002,90.50009512725073,40.3136787385026,31.263669225777523,13.575014269087609
115,18.400000000000002,90.50551654279057,40.316093732697624,31.265542078418562,13.575827481418585
116,18.56,90.51084323062028,40.31846653000358,31.267382206941548,13.57662648459304
117,18.72,90.5160776512759,40.32079822647746,31.269190461349858,13.577411647691386
118,18.88,90.52122218083224,40.32308988055255,31.27096766246932,13.578183327124837
119,19.04,90.52627911449514,40.32534251463874,31.272714603189225,13.578941867174269
120,19.2,90.5312506700119,40.32755711664167,31.274432049640474,13.579687600501785
121,19.36,90.53613899091089,40.32973464140576,31.276120742314667,13.580420848636631
122,19.52,90.54094614957953,40.33187601208543,31.27778139712747,13.581141922436927
123,19.68,90.54567415019089,40.33398212144867,31.279414706429577,13.581851122528633
124,19.84,90.55032493148651,40.33605383311672,31.281021339968067,13.582548739722977
125,20.0,90.55490036942464,40.33809198274371,31.28260194580124,13.583235055413697
126,20.16,90.55940227970041,40.34009737913927,31.28415715116923,13.58391034195506
127,20.32,90.56383242014601,40.34207080533777,31.285687563323165,13.584574863021901
128,20.48,90.56819249301692,40.34401301961663,31.287193770314936,13.585228873952538
129,20.64,90.57248414717057,40.3459247564669,31.288676341749834,13.585872622075586
130,20.8,90.57670898014342,40.34780672751844,31.29013582950409,13.586506347021514
131,20.96,90.58086854013183,40.349659622422365,31.29157276840918,13.587130281019775
132,21.12,90.58496432788185,40.35148410969283,31.292987676904637,13.587744649182277
133,21.28,90.58899779849298,40.35328083751051,31.294381057661212,13.588349669773947
134,21.44,90.59297036314004,40.35505043448966,31.295753398175652,13.588945554471007
135,21.6,90.59688339071802,40.35679351041076,31.297105171338952,13.589532508607702
136,21.76,90.60073820941325,40.35851065692045,31.29843683597912,13.590110731411988
137,21.92,90.60453610820525,40.360202448200525,31.299748837379997,13.590680416230787
138,22.080000000000002,90.60827833830253,40.36186944160749,31.301041607777236,13.591241750745379
139,22.240000000000002,90.61196611451575,40.363512178284296,31.302315566832714,13.591794917177362
140,22.400000000000002,90.61560061657148,40.36513118374548,31.303571122088332,13.592340092485722
141,22.56,90.6191829903694,40.36672696843728,31.304808669400334,13.592877448555408
142,22.72,90.62271434918574,40.36830002827365,31.306028593355073,13.59340715237786
143,22.88,90.62619577482613,40.36985084514983,31.307231267667206,13.593929366223918
144,23.04,90.6296283187293,40.37137988743396,31.30841705556103,13.594444247809394
145,23.2,90.63301300302517,40.37288761043848,31.309586310135963,13.594951950453774
146,23.36,90.6363508215488,40.37437445687175,31.31073937471686,13.59545262323232
147,23.52,90.63964274081256,40.37584085727106,31.311876583189793,13.595946411121885
148,23.68,90.64288970093851,40.37728723041807,31.31299826032421,13.596433455140776
149,23.84,90.6460926165528,40.378713983737164,31.31410472208188,13.59691389248292
150,24.0,90.6492523776441,40.38012151367783,31.315196275913415,13.597387856646614
151,24.16,90.65236985038749,40.38151020608171,31.31627322104295,13.597855477558124
152,24.32,90.65544587793539,40.382880436534855,31.317335848741315,13.598316881690307
153,24.48,90.65848128117747,40.38423257070633,31.318384442588577,13.59877219217662
154,24.64,90.66147685947043,40.385566964673195,31.319419278726144,13.599221528920562
155,24.8,90.66443339133929,40.386883965232954,31.32044062609902,13.59966500870089
156,24.96,90.66735163515153,40.388183910203864,31.32144874668871,13.600102745272729
157,25.12,90.67023232976527,40.38946712871362,31.322443895737088,13.600534849464788
158,25.28,90.67307619515238,40.390733941476974,31.32342632196173,13.600961429272855
159,25.44,90.67588393299808,40.391984661062786,31.32439626776297,13.601382589949711
160,25.6,90.6786562272778,40.39321959215102,31.325353969423237,13.601798434091668
161,25.76,90.68139374481227,40.39443903178002,31.326299657298783,13.60220906172184
162,25.92,90.68409713580192,40.39564326958449,31.327233556004295,13.602614570370287
163,26.080000000000002,90.68676703434141,40.39683258802482,31.32815588459067,13.603015055151213
164,26.240000000000002,90.68940405891519,40.39800726260768,31.329066856716157,13.603410608837278
165,26.400000000000002,90.69200881287483,40.39916756209879,31.329966680811303,13.603801321931224
166,26.560000000000002,90.69458188489901,40.40031374872774,31.330855560237836,13.60418728273485
167,26.72,90.69712384943678,40.401446078385476,31.331733693441794,13.604568577415517
168,26.88,90.69963526713494,40.40256480081465,31.332601274101158,13.604945290070239
169,27.04,90.70211668524985,40.403670159793116,31.33345849126813,13.605317502787477
170,27.2,90.70456863804498,40.404762393310946,31.334305529506445,13.605685295706746
171,27.36,90.70699164717414,40.40584173374121,31.335142569023795,13.606048747076121
172,27.52,90.7093862220511,40.40690840800458,31.335969785799467,13.606407933307663
173,27.68,90.71175286020669,40.40796263772843,31.336787351707763,13.606762929031001
174,27.84,90.71409204763305,40.40900463940018,31.337595434636867,13.607113807144955
175,28.0,90.7164042591162,40.410034624515404,31.33839419860378,13.60746063886743
176,28.16,90.71868995855732,40.41105279972099,31.339183803865257,13.607803493783598
177,28.32,90.72094959928255,40.41205936695314,31.339964407024876,13.608142439892381
178,28.48,90.72318362434275,40.413054523570864,31.340736161136586,13.608477543651412
179,28.64,90.72539246680309,40.41403846248502,31.341499215804703,13.608808870020463
180,28.8,90.72757655002246,40.41501137228274,31.34225371728049,13.60913648250337
181,28.96,90.72973628792414,40.41597343734803,31.34299980855561,13.60946044318862
182,29.12,90.731872085257,40.41692483797812,31.343737629452416,13.609780812788548
183,29.28,90.73398433784831,40.41786575049607,31.34446731671123,13.610097650677245
184,29.44,90.7360734328482,40.41879634735966,31.345189004074832,13.61041101492723
185,29.6,90.73813974896615,40.419716797266744,31.34590282237012,13.61072096234492
186,29.76,90.74018365669957,40.42062726525708,31.346608899587125,13.611027548504936
187,29.92,90.74220551855538,40.42152791281104,31.347307360955494,13.611330827783306
188,30.080000000000002,90.74420568926413,40.42241889794494,31.34799832901852,13.61163085338962
189,30.240000000000002,90.74618451598738,40.42330037530347,31.34868192370473,13.611927677398107
190,30.400000000000002,90.74814233851849,40.42417249624915,31.349358262397296,13.612221350777773
191,30.560000000000002,90.7500794894771,40.425035408948894,31.35002746000118,13.612511923421565
192,30.72,90.75199629449746,40.42588925845796,31.350689629008208,13.612799444174618
193,30.88,90.75389307241062,40.42673418680109,31.351344879560028,13.61308396086159
194,31.04,90.75577013542139,40.42757033305134,31.3519933195092,13.613365520313206
195,31.2,90.75762778927943,40.428397833406294,31.352635054478345,13.613644168391913
196,31.36,90.75946633344536,40.429216821262024,31.353270187917488,13.613919950016804
197,31.52,90.76128606125141,40.43002742728472,31.353898821159575,13.614192909187711
198,31.68,90.76308726005757,40.43082977948019,31.354521053474432,13.614463089008634
199,31.84,90.7648702114026,40.431624003261156,31.355136982120897,13.61473053171039
200,32.0,90.76663519115091,40.43241022151268,31.355746702397585,13.614995278672636
201,32.160000000000004,90.76838246963462,40.43318855465542,31.356350307691955,13.61525737044519
202,32.32,90.77011231179155,40.43395912070715,31.356947889527987,13.615516846768731
203,32.480000000000004,90.77182497729922,40.43472203534238,31.357539537612453,13.615773746594881
204,32.64,90.77352072070451,40.435477411950195,31.358125339879738,13.616028108105676
205,32.8,90.77519979155,40.436225361690454,31.35870538253545,13.6162799687325
206,32.96,90.77686243449617,40.4369659935483,31.359279750098676,13.616529365174424
207,33.12,90.7785088894402,40.437699414387,31.359848525442978,13.616776333416029
208,33.28,90.78013939163145,40.43842572899947,31.36041178983632,13.617020908744717
209,33.44,90.78175417178332,40.439145040158024,31.36096962297969,13.617263125767497
210,33.6,90.78335345618213,40.43985744866295,31.36152210304473,13.617503018427318
211,33.76,90.7849374667927,40.44056305338948,31.362069306710204,13.617740620018905
212,33.92,90.78650642136114,40.4412619513336,31.362611309197483,13.61797596320417
213,34.08,90.78806053351452,40.441954237656475,31.363148184305018,13.618209080027178
214,34.24,90.7896000128578,40.44264000572757,31.363680004441786,13.61844000192867
215,34.4,90.79112506506803,40.44331934716667,31.36420684065986,13.618668759760203
216,34.56,90.79263589198597,40.44399235188466,31.36472876268606,13.618895383797895
217,34.72,90.79413269170504,40.44465910812316,31.36524583895265,13.619119903755756
218,34.88,90.79561565865797,40.4453197024931,31.365758136627296,13.619342348798694
219,35.04,90.79708498370087,40.44597422001221,31.36626572164212,13.61956274755513
220,35.2,90.79854085419512,40.446622744141465,31.366768658721952,13.619781128129269
221,35.36,90.79998345408707,40.44726535682061,31.367267011411897,13.61999751811306
222,35.52,90.80141296398537,40.44790213850258,31.367760842104033,13.620211944597804
223,35.68,90.80282956123628,40.44853316818707,31.368250212063437,13.62042443418544
224,35.84,90.8042334199972,40.4491585234533,31.368735181453577,13.620635012999578
225,36.0,90.80562471130791,40.44977828049171,31.369215809360913,13.620843706696185
226,36.160000000000004,90.8070036031599,40.45039251413487,31.369692153818875,13.621050540473984
227,36.32,90.8083702605642,40.4510012978877,31.37016427183127,13.62125553908463
228,36.480000000000004,90.80972484561698,40.451604703956654,31.370632219394956,13.621458726842546
229,36.64,90.81106751756376,40.452202803278404,31.371096051522024,13.621660127634563
230,36.800000000000004,90.81239843286166,40.45279566554747,31.3715558222613,13.621859764929248
231,36.96,90.81371774524031,40.45338335924341,31.372011584719377,13.622057661786044
232,37.12,90.81502560576091,40.45396595165713,31.37246339108104,13.622253840864136
233,37.28,90.81632216287402,40.454543508916615,31.372911292629205,13.622448324431103
234,37.44,90.81760756247543,40.455116096011785,31.373355339764238,13.622641134371314
235,37.6,90.81888194796123,40.45568377681909,31.373795582022968,13.622832292194182
236,37.76,90.82014546028083,40.4562466141251,31.37423206809701,13.623021819042123
237,37.92,90.82139823798906,40.45680466964967,31.374664845850763,13.623209735698357
238,38.08,90.82264041729678,40.457358004068574,31.375093962338887,13.623396062594518
239,38.24,90.82387213212019,40.45790667703536,31.375519463823338,13.623580819818027
240,38.4,90.82509351412905,40.458450747202946,31.375941395790036,13.623764027119357
241,38.56,90.82630469279349,40.45899027224437,31.37635980296502,13.623945703919022
242,38.72,90.82750579542963,40.459525308873204,31.376774729330236,13.624125869314444
243,38.88,90.82869694724458,40.460055912863496,31.377186218139034,13.624304542086685
244,39.04,90.82987827137947,40.46058213906905,31.37759431193109,13.624481740706921
245,39.2,90.83104988895224,40.46110404144236,31.377999052547136,13.624657483342835
246,39.36,90.83221191909874,40.461621673053074,31.378400481143196,13.624831787864808
247,39.52,90.83336447901333,40.46213508610594,31.3787986382046,13.625004671851997
248,39.68,90.83450768398811,40.462644331958344,31.379193563559525,13.625176152598215
249,39.84,90.8356416474515,40.46314946113749,31.379585296392335,13.625346247117724
250,40.0,90.83676648100558,40.46365052335703,31.37997387525647,13.625514972150835
251,40.160000000000004,90.83788229446284,40.46414756753345,31.38035933808716,13.625682344169425
252,40.32,90.83898919588184,40.46464064180191,31.38074172221372,13.625848379382274
253,40.480000000000004,90.84008729160202,40.465129793531815,31.381121064371605,13.626013093740303
254,40.64,90.84117668627798,40.46561506934201,31.38149740071421,13.626176502941696
255,40.800000000000004,90.84225748291242,40.46609651511553,31.38187076682429,13.626338622436862
256,40.96,90.84332978288877,40.46657417601409,31.38224119772521,13.626499467433316
257,41.12,90.84439368600295,40.46704809649222,31.382608727891924,13.62665905290044
258,41.28,90.84544929049406,40.467518320310994,31.382973391261583,13.626817393574107
259,41.44,90.8464966930749,40.46798489055155,31.383335221244057,13.626974503961234
260,41.6,90.84753598896138,40.468447849628255,31.383694250732113,13.627130398344207
261,41.76,90.84856727190133,40.46890723930151,31.38405051211137,13.627285090785199
262,41.92,90.84959063420268,40.469363100690295,31.38440403727002,13.627438595130403
263,42.08,90.85060616676112,40.4698154742845,31.384754857608385,13.627590925014168
264,42.24,90.85161395908688,40.47026439995688,31.38510300404819,13.62774209386303
265,42.4,90.85261409933103,40.470709916974734,31.38544850704163,13.627892114899655
266,42.56,90.85360667431125,40.47115206401138,31.38579139658025,13.628041001146688
267,42.72,90.85459176953697,40.471590879157375,31.386131702203677,13.628188765430544
268,42.88,90.85556946923373,40.472026399931394,31.386469453008015,13.628335420385058
269,43.04,90.8565398563674,40.472458663290936,31.386804677654194,13.62848097845511
270,43.2,90.85750301266754,40.47288770564281,31.387137404376055,13.62862545190013
271,43.36,90.85845901865032,40.47331356285333,31.38746766098829,13.628768852797547
272,43.52,90.85940795364101,40.47373627025827,31.387795474894165,13.628911193046152
273,43.68,90.8603498957959,40.474155862672724,31.388120873093133,13.629052484369385
274,43.84,90.86128492212377,40.474572374400594,31.388443882188213,13.629192738318565
275,44.0,90.86221310850681,40.47498583924395,31.38876452839326,13.629331966276022
276,44.160000000000004,90.86313452972117,40.47539629051216,31.389082837540037,13.629470179458174
277,44.32,90.86404925945708,40.47580376103088,31.38939883508517,13.62960738891856
278,44.480000000000004,90.86495737033846,40.47620828315077,31.38971254611692,13.629743605550768
279,44.64,90.86585893394215,40.47660988875605,31.39002399536183,13.62987884009132
280,44.800000000000004,90.86675402081667,40.47700860927288,31.390333207191212,13.630013103122499
281,44.96,90.86764270050067,40.477404475677574,31.390640205627502,13.630146405075099
282,45.12,90.86852504154089,40.47779751850458,31.39094501435049,13.630278756231133
283,45.28,90.86940111150987,40.4781877678544,31.39124765670341,13.63041016672648
284,45.44,90.87027097702305,40.47857525340118,31.391548155698874,13.630540646553458
285,45.6,90.87113470375584,40.47896000440033,31.391846534024744,13.630670205563375
286,45.76,90.87199235645987,40.47934204969577,31.392142814049773,13.63079885346898
287,45.92,90.87284399897952,40.47972141772725,31.392437017829288,13.630926599846928
288,46.08,90.8736896942675,40.48009813653734,31.39272916711059,13.631053454140124
289,46.24,90.87452950440043,40.48047223377838,31.39301928333833,13.631179425660063
290,46.4,90.87536349059405,40.48084373671917,31.39330738765976,13.631304523589106
291,46.56,90.87619171321805,40.48121267225168,31.393593500929867,13.631428756982706
292,46.72,90.87701423181068,40.48157906689749,31.393877643716415,13.631552134771601
293,46.88,90.87783110509308,40.48194294681419,31.394159836304883,13.631674665763962
294,47.04,90.87864239098299,40.482304337801516,31.39444009870321,13.631796358647447
295,47.2,90.87944814660874,40.48266326530754,31.394718450646653,13.63191722199131
296,47.36,90.8802484283225,40.48301975443457,31.394994911602318,13.632037264248375
297,47.52,90.8810432917135,40.48337382994511,31.39526950077375,13.632156493757023
298,47.68,90.8818327916207,40.483725516267405,31.39554223710533,13.632274918743104
299,47.84,90.88261698214569,40.48407483750127,31.39581313928669,13.632392547321853
300,48.0,90.88339591666482,40.484421817423424,31.39608222575694,13.632509387499722
301,48.160000000000004,90.88416964784146,40.48476647949302,31.396349514708866,13.632625447176219
302,48.32,90.88493822763772,40.485108846856804,31.396615024093027,13.632740734145656
303,48.480000000000004,90.88570170732615,40.48544894235438,31.396878771621758,13.632855256098921
304,48.64,90.88646013750129,40.4857867885233,31.39714077477317,13.632969020625191
305,48.800000000000004,90.88721356809052,40.486122407603965,31.397401050794905,13.633082035213578
306,48.96,90.88796204836527,40.48645582154453,31.397659616707998,13.633194307254788
307,49.120000000000005,90.88870562695175,40.48678705200578,31.3979164893106,13.633305844042761
308,49.28,90.88944435184128,40.48711612036566,31.39817168518153,13.63341665277619
309,49.44,90.89017827040091,40.48744304772404,31.398425220683947,13.633526740560136
310,49.6,90.89090742938319,40.487767854907055,31.398677111968734,13.633636114407476
311,49.76,90.89163187493645,40.4880905624717,31.398927374978044,13.633744781240466
312,49.92,90.89235165261427,40.488411190709996,31.399176025448565,13.63385274789214
313,50.08,90.89306680738518,40.4887297596534,31.399423078914882,13.633960021107777
314,50.24,90.89377738364198,40.48904628907688,31.39966855071268,13.634066607546295
315,50.4,90.89448342521081,40.489360798503,31.399912455981916,13.634172513781621
316,50.56,90.89518497536045,40.48967330720602,31.40015480966997,13.634277746304067
317,50.72,90.89588207681078,40.489983834215714,31.40039562653463,13.634382311521616
318,50.88,90.89657477174177,40.49029239832134,31.400634921147155,13.634486215761264
319,51.04,90.89726310180176,40.49059901807533,31.40087270789515,13.634589465270263
320,51.2,90.89794710811603,40.49090371179714,31.401109000985535,13.634692066217402
321,51.36,90.89862683129472,40.49120649757674,31.401343814447266,13.634794024694207
322,51.52,90.89930231144115,40.49150739327833,31.401577162134213,13.63489534671617
323,51.68,90.89997358815945,40.49180641654376,31.40180905772781,13.634996038223917
324,51.84,90.90064070056246,40.49210358479601,31.402039514739762,13.63509610508437
325,52.0,90.90130368727932,40.49239891524262,31.402268546514676,13.635195553091899
326,52.160000000000004,90.90196258646284,40.4926924248789,31.402496166232616,13.635294387969426
327,52.32,90.90261743579684,40.49298413049132,31.402722386911638,13.635392615369526
328,52.480000000000004,90.90326827250341,40.493274048660616,31.40294722141027,13.63549024087551
329,52.64,90.90391513334988,40.49356219576495,31.403170682429955,13.635587270002482
330,52.800000000000004,90.90455805465577,40.493848587983024,31.403392782517443,13.635683708198364
331,52.96,90.90519707229956,40.49413324129708,31.403613534067116,13.635779560844933
332,53.120000000000005,90.90583222172549,40.4944161714959,31.40383294932335,13.635874833258821
333,53.28,90.90646353794989,40.49469739417768,31.404051040382686,13.635969530692481
334,53.44,90.90709105556782,40.49497692475294,31.404267819196154,13.636063658335173
335,53.6,90.9077148087593,40.495254778447325,31.40448329757139,13.636157221313892
336,53.76,90.90833483129548,40.49553097030435,31.404697487174797,13.63625022469432
337,53.92,90.90895115654475,40.49580551518812,31.404910399533637,13.636342673481712
338,54.08,90.90956381747884,40.49607842778603,31.40512204603814,13.636434572621825
339,54.24,90.91017284667856,40.49634972261136,31.4053324379435,13.636525927001783
340,54.4,90.91077827633963,40.496619414005835,31.405541586371868,13.636616741450943
341,54.56,90.91138013827836,40.49688751614218,31.40574950231434,13.636707020741753
342,54.72,90.91197846393715,40.49715404302655,31.40595619663283,13.636796769590571
343,54.88,90.9125732843901,40.49741900850105,31.406161680062034,13.636885992658515
344,55.04,90.91316463034828,40.49768242624606,31.406365963211222,13.636974694552242
345,55.2,90.91375253216505,40.49794430978261,31.406569056566106,13.637062879824756
346,55.36,90.91433701984126,40.49820467247474,31.406770970490612,13.637150552976188
347,55.52,90.9149181230303,40.49846352753168,31.406971715228647,13.637237718454545
348,55.68,90.91549587104323,40.49872088801017,31.40717130090584,13.637324380656484
349,55.84,90.91607029285359,40.498976766816604,31.40736973753124,13.637410543928038
350,56.0,90.91664141710228,40.4992311767092,31.40756703499897,13.637496212565342
351,56.160000000000004,90.91720927210235,40.49948413030015,31.407763203089907,13.637581390815354
352,56.32,90.91777388584367,40.499735640057644,31.407958251473268,13.637666082876551
353,56.480000000000004,90.91833528599746,40.49998571830796,31.40815218970821,13.637750292899618
354,56.64,90.91889349992093,40.50023437723751,31.40834502724541,13.63783402498814
355,56.800000000000004,90.91944855466161,40.50048162889472,31.408536773428555,13.63791728319924
356,56.96,90.92000047696177,40.500727485192066,31.408727437495887,13.638000071544266
357,57.120000000000005,90.9205492932628,40.50097195790797,31.40891702858169,13.638082393989418
358,57.28,90.92109502970914,40.501215058688615,31.4091055557177,13.63816425445637
359,57.44,90.92163771215284,40.501456799049905,31.409293027834618,13.638245656822926
360,57.6,90.92217736615733,40.501697190379176,31.409479453763442,13.638326604923598
361,57.76,90.92271401700158,40.501936243937074,31.409664842236907,13.638407102550236
362,57.92,90.92324768968398,40.502173970859225,31.409849201890825,13.638487153452594
363,58.08,90.92377840892624,40.502410382158054,31.410032541265426,13.638566761338936
364,58.24,90.92430619917721,40.5026454887244,31.410214868806673,13.638645929876581
365,58.4,90.9248310846167,40.50287930132926,31.410396192867584,13.638724662692503
366,58.56,90.92535308915903,40.50311183062539,31.410576521709483,13.638802963373854
367,58.72,90.92587223645683,40.50334308714895,31.41075586350326,13.638880835468521
368,58.88,90.92638854990439,40.50357308132105,31.410934226330607,13.638958282485659
369,59.04,90.92690205264145,40.50380182344937,31.411111618185224,13.639035307896217
370,59.2,90.9274127675564,40.504029323729675,31.41128804697403,13.63911191513346
371,59.36,90.92792071728988,40.50425559224731,31.41146352051832,13.639188107593482
372,59.52,90.92842592423798,40.50448063897875,31.41163804655494,13.639263888635698
373,59.68,90.92892841055564,40.50470447379297,31.4118116327374,13.639339261583345
374,59.84,90.92942819815977,40.50492710645299,31.411984286637008,13.639414229723965
375,60.0,90.92992530873259,40.50514854661725,31.412156015743985,13.639488796309887
376,60.160000000000004,90.93041976372464,40.50536880384098,31.41232682746851,13.639562964558696
377,60.32,90.93091158435786,40.50558788757759,31.4124967291418,13.639636737653676
378,60.480000000000004,90.93140079162872,40.50580580718007,31.412665728017192,13.639710118744308
379,60.64,90.93188740631116,40.50602257190225,31.41283383127113,13.639783110946674
380,60.800000000000004,90.93237144895959,40.50623819090018,31.41300104600422,13.639855717343936
381,60.96,90.93285293991151,40.50645267323331,31.413167379242157,13.639927940986727
382,61.120000000000005,90.93333189929082,40.50666602786592,31.413332837936828,13.639999784893623
383,61.28,90.93380834701026,40.506878263668206,31.413497428967176,13.640071252051538
384,61.44,90.93428230277425,40.50708938941762,31.413661159140194,13.640142345416137
385,61.6,90.93475378608171,40.50729941380004,31.413824035191865,13.640213067912256
386,61.76,90.93522281622863,40.50750834541094,31.413986063788073,13.640283422434294
387,61.92,90.93568941231075,40.50771619275661,31.41414725152553,13.640353411846611
388,62.08,90.9361535932261,40.507922964255265,31.41430760493265,13.640423038983913
389,62.24,90.93661537767765,40.50812866823823,31.41446713047046,13.640492306651646
390,62.4,90.93707478417568,40.50833331295099,31.414625834533414,13.64056121762635
391,62.56,90.9375318310404,40.50853690655437,31.41478372345032,13.64062977465606
392,62.72,90.93798653640431,40.508739457125564,31.414940803485127,13.640697980460647
393,62.88,90.9384389182146,40.50894097265923,31.415097080837768,13.64076583773219
394,63.04,90.93888899423547,40.50914146106853,31.415252561644976,13.640833349135319
395,63.2,90.93933678205053,40.509340930186156,31.415407251981094,13.64090051730758
396,63.36,90.93978229906513,40.50953938776538,31.415561157858864,13.640967344859769
397,63.52,90.94022556250842,40.50973684148102,31.41571428523018,13.641033834376262
398,63.68,90.9406665894358,40.509933298930505,31.415866639986916,13.641099988415371
399,63.84,90.94110539673096,40.510128767634704,31.4160182279616,13.641165809509642
400,64.0,90.94154200110809,40.51032325503906,31.41616905492825,13.641231300166213
401,64.16,90.94197641911398,40.51051676851442,31.416319126603014,13.641296462867098
402,64.32000000000001,90.94240866713011,40.51070931535796,31.41646844864494,13.641361300069514
403,64.48,90.94283876137476,40.51090090279421,31.416617026656734,13.641425814206213
404,64.64,90.94326671790498,40.51109153797585,31.416764866185353,13.641490007685745
405,64.8,90.94369255261859,40.51128122798465,31.416911972722783,13.641553882892786
406,64.96000000000001,90.94411628125616,40.51146997983229,31.417058351706668,13.641617442188423
407,65.12,90.94453791940298,40.51165780046133,31.41720400852103,13.641680687910446
408,65.28,90.94495748249093,40.51184469674597,31.417348948496866,13.641743622373639
409,65.44,90.94537498580038,40.5120306754929,31.417493176912856,13.641806247870056
410,65.6,90.94579044446206,40.5122157434422,31.417636698995985,13.64186856666931
411,65.76,90.94620387345884,40.51239990726803,31.417779519922146,13.641930581018826
412,65.92,90.94661528762757,40.51258317357955,31.417921644816794,13.641992293144133
413,66.08,90.94702470166084,40.51276554892165,31.418063078755562,13.642053705249126
414,66.24,90.94743213010875,40.51294703977572,31.418203826764838,13.642114819516312
415,66.4,90.9478375873806,40.51312765256045,31.41834389382239,13.642175638107089
416,66.56,90.94824108774661,40.51330739363258,31.418483284857917,13.64223616316199
417,66.72,90.9486426453396,40.51348626928764,31.41862200475368,13.642296396800939
418,66.88,90.94904227415665,40.5136642857607,31.418760058345025,13.642356341123497
419,67.04,90.94943998806065,40.51384144922702,31.41889745042095,13.642415998209097
420,67.2,90.94983580078201,40.5140177658029,31.419034185724694,13.642475370117301
421,67.36,90.95022972592014,40.514193241546245,31.41917026895423,13.64253445888802
422,67.52,90.95062177694511,40.51436788245737,31.419305704762856,13.642593266541766
423,67.68,90.95101196719912,40.51454169447961,31.419440497759698,13.642651795079868
424,67.84,90.95140030989799,40.51471468350002,31.419574652510214,13.642710046484698
425,68.0,90.95178681813273,40.514886855350035,31.419708173536762,13.64276802271991
426,68.16,90.95217150487092,40.51505821580614,31.419841065319044,13.642825725730637
427,68.32000000000001,90.95255438295827,40.515228770590504,31.41997333229467,13.64288315744374
428,68.48,90.95293546511991,40.515398525371594,31.4201049788596,13.642940319767984
429,68.64,90.95331476396196,40.515567485764876,31.420236009368676,13.642997214594294
430,68.8,90.95369229197277,40.51573565733333,31.42036642813605,13.643053843795915
431,68.96000000000001,90.95406806152444,40.51590304558816,31.420496239435714,13.643110209228665
432,69.12,90.95444208487397,40.51606965598932,31.42062544750192,13.643166312731097
433,69.28,90.95481437416484,40.516235493946155,31.420754056529667,13.643222156124724
434,69.44,90.95518494142809,40.516400564817964,31.420882070675155,13.643277741214211
435,69.60000000000001,90.95555379858376,40.51656487391459,31.42100949405621,13.643333069787564
436,69.76,90.95592095744217,40.51672842649697,31.42113633075275,13.643388143616324
437,69.92,90.9562864297051,40.516891227777734,31.421262584807216,13.643442964455765
438,70.08,90.95665022696708,40.5170532829217,31.42138826022499,13.64349753404506
439,70.24,90.95701236071659,40.51721459704648,31.42151336097482,13.643551854107487
440,70.4,90.95737284233732,40.517375175222995,31.421637890989256,13.643605926350597
441,70.56,90.95773168310934,40.51753502247598,31.421761854165045,13.643659752466402
442,70.72,90.95808889421023,40.51769414378457,31.421885254363534,13.643713334131535
443,70.88,90.9584444867163,40.51785254408272,31.422008095411087,13.643766673007445
444,71.04,90.95879847160373,40.51801022825985,31.422130381099468,13.643819770740558
445,71.2,90.95915085974963,40.5181672011612,31.422252115186232,13.643872628962443
446,71.36,90.95950166193322,40.51832346758844,31.422373301395112,13.643925249289982
447,71.52,90.95985088883701,40.51847903230012,31.42249394341642,13.64397763332555
448,71.68,90.96019855104763,40.518633900012134,31.422614044907363,13.644029782657144
449,71.84,90.96054465905722,40.51878807539822,31.422733609492493,13.644081698858582
450,72.0,90.9608892232642,40.51894156309042,31.422852640763995,13.64413338348963
451,72.16,90.96123225397452,40.51909436767956,31.422971142282105,13.644184838096177
452,72.32000000000001,90.96157376140255,40.519246493715684,31.423089117575426,13.644236064210382
453,72.48,90.96191375567217,40.51939794570851,31.423206570141293,13.644287063350824
454,72.64,90.96225224681773,40.5195487281279,31.423323503446124,13.64433783702266
455,72.8,90.9625892447851,40.51969884540427,31.423439920925755,13.644388386717763
456,72.96000000000001,90.96292475943252,40.51984830192904,31.42355582598578,13.644438713914878
457,73.12,90.96325880053175,40.51999710205506,31.42367122200188,13.644488820079763
458,73.28,90.96359137776881,40.520145250097016,31.42378611232013,13.644538706665319
459,73.44,90.96392250074506,40.52029275033189,31.423900500257382,13.644588375111757
460,73.60000000000001,90.96425217897807,40.520439606999325,31.42401438910151,13.64463782684671
461,73.76,90.96458042190255,40.520585824302046,31.42412778211179,13.644687063285382
462,73.92,90.96490723887122,40.52073140640628,31.424240682519148,13.644736085830683
463,74.08,90.96523263915576,40.52087635744211,31.42435309352653,13.644784895873363
464,74.24,90.96555663194756,40.52102068150391,31.424465018309157,13.644833494792133
465,74.4,90.9658792263588,40.52116438265074,31.424576460014855,13.644881883953818
466,74.56,90.96620043142306,40.521307464906634,31.424687421764325,13.644930064713458
467,74.72,90.96652025609629,40.52144993226108,31.424797906651445,13.644978038414443
468,74.88,90.96683870925777,40.52159178866937,31.42490791774359,13.645025806388665
469,75.04,90.96715579971058,40.52173303805289,31.425017458081832,13.645073369956586
470,75.2,90.96747153618279,40.52187368429961,31.42512653068132,13.645120730427417
471,75.36,90.96778592732797,40.52201373126428,31.425235138531477,13.645167889099195
472,75.52,90.9680989817262,40.522153182768946,31.42534328459632,13.645214847258929
473,75.68,90.96841070788476,40.52229204260321,31.425450971814733,13.645261606182713
474,75.84,90.96872111423883,40.52243031452457,31.425558203100685,13.645308167135823
475,76.0,90.96903020915232,40.522568002258765,31.42566498134353,13.645354531372849
476,76.16,90.9693380009187,40.522705109500144,31.425771309408272,13.645400700137802
477,76.32000000000001,90.96964449776152,40.52284163991195,31.425877190135797,13.645446674664228
478,76.48,90.96994970783541,40.52297759712668,31.425982626343142,13.645492456175312
479,76.64,90.97025363922667,40.52311298474643,31.426087620823758,13.645538045884
480,76.8,90.97055629995387,40.52324780634309,31.426192176347698,13.645583444993079
481,76.96000000000001,90.97085769796881,40.52338206545884,31.426296295661952,13.64562865469532
482,77.12,90.971157841157,40.523515765606305,31.426399981490597,13.64567367617355
483,77.28,90.97145673733846,40.52364891026895,31.4265032365351,13.645718510600767
484,77.44,90.97175439426834,40.52378150290136,31.42660606347452,13.645763159140252
485,77.60000000000001,90.97205081963766,40.523913546929506,31.426708464965735,13.645807622945648
486,77.76,90.97234602107388,40.524045045751095,31.426810443643703,13.64585190316108
487,77.92,90.97264000614166,40.524176002735835,31.426912002121664,13.64589600092125
488,78.08,90.9729327823434,40.5243064212257,31.42701314299136,13.64593991735151
489,78.24,90.97322435711997,40.524436304535264,31.427113868823263,13.645983653567995
490,78.4,90.9735147378513,40.524565655951946,31.42721418216681,13.646027210677694
491,78.56,90.9738039318569,40.524694478736265,31.42731408555057,13.646070589778537
492,78.72,90.97409194639677,40.5248227761222,31.42741358148252,13.646113791959515
493,78.88,90.9743787886716,40.52495055131735,31.427512672450188,13.646156818300739
494,79.04,90.97466446582375,40.52507780750331,31.42761136092093,13.646199669873562
495,79.2,90.9749489849376,40.52520454783584,31.42770964934208,13.646242347740639
496,79.36,90.97523235304024,40.5253307754452,31.427807540141174,13.646284852956036
497,79.52,90.97551457710199,40.525456493436344,31.427905035726138,13.646327186565298
498,79.68,90.97579566403702,40.52558170488922,31.428002138485514,13.646369349605552
499,79.84,90.9760756207039,40.52570641285901,31.428098850788615,13.646411343105584
500,80.0,90.97635445390617,40.52583062037639,31.428195174985767,13.646453168085925
501,80.16,90.97663217039282,40.52595433044772,31.428291113408427,13.646494825558923
502,80.32000000000001,90.976908776859,40.52607754605538,31.428386668369473,13.64653631652885
503,80.48,90.97718427994633,40.52620027015791,31.428481842163272,13.646577641991948
504,80.64,90.97745868624361,40.52632250569034,31.42857663706597,13.64661880293654
505,80.8,90.97773200228727,40.52644425556433,31.4286710553356,13.64665980034309
506,80.96000000000001,90.9780042345619,40.526565522668484,31.42876509921229,13.646700635184283
507,81.12,90.97827538950081,40.526686309868545,31.42885877091846,13.64674130842512
508,81.28,90.97854547348642,40.52680662000759,31.42895207265894,13.646781821022962
509,81.44,90.9788144928509,40.52692645590631,31.42904500662122,13.646822173927633
510,81.60000000000001,90.97908245387659,40.527045820363206,31.429137574975545,13.646862368081486
511,81.76,90.97934936279643,40.52716471615477,31.42922977987513,13.646902404419464
512,81.92,90.9796152257946,40.52728314603578,31.429321623456318,13.64694228386919
513,82.08,90.97988004900688,40.52740111273943,31.42941310783874,13.646982007351031
514,82.24,90.98014383852117,40.527518618977616,31.429504235125492,13.647021575778174
515,82.4,90.98040660037785,40.52763566744105,31.429595007403254,13.647060990056676
516,82.56,90.98066834057042,40.52775226079956,31.42968542674251,13.647100251085563
517,82.72,90.98092906504586,40.52786840170225,31.42977549519766,13.647139359756878
518,82.88,90.98118877970504,40.5279840927777,31.42986521480719,13.647178316955754
519,83.04,90.98144749040321,40.52809933663416,31.429954587593837,13.647217123560482
520,83.2,90.98170520295051,40.52821413585978,31.43004361556472,13.647255780442576
521,83.36,90.98196192311228,40.52832849302274,31.430132300711513,13.64729428846684
522,83.52,90.98221765660952,40.528442410671516,31.43022064501056,13.647332648491426
523,83.68,90.9824724091194,40.528555891335,31.43030865042306,13.647370861367907
524,83.84,90.98272618627556,40.528668937522745,31.430396318895188,13.647408927941331
525,84.0,90.98297899366865,40.52878155172513,31.430483652358262,13.647446849050297
526,84.16,90.98323083684664,40.52889373641351,31.43057065272884,13.647484625526996
527,84.32000000000001,90.98348172131524,40.529005494040426,31.4306573219089,13.647522258197284
528,84.48,90.9837316525384,40.52911682703983,31.43074366178599,13.647559747880758
529,84.64,90.98398063593851,40.529227737827156,31.4308296742333,13.647597095390775
530,84.8,90.984228676897,40.529338228799574,31.43091536110987,13.647634301534548
531,84.96000000000001,90.98447578075464,40.529448302336164,31.43100072426069,13.647671367113196
532,85.12,90.9847219528119,40.52955796079803,31.431085765516837,13.647708292921784
533,85.28,90.98496719832933,40.52966720652852,31.431170486695585,13.647745079749399
534,85.44,90.98521152252799,40.52977604185338,31.431254889600577,13.647781728379197
535,85.60000000000001,90.98545493058977,40.5298844690809,31.431338976021916,13.647818239588464
536,85.76,90.98569742765778,40.52999249050211,31.431422747736327,13.647854614148669
537,85.92,90.98593901883669,40.53010010839089,31.43150620650722,13.647890852825503
538,86.08,90.98617970919315,40.53020732500422,31.431589354084903,13.64792695637897
539,86.24,90.98641950375603,40.530314142582235,31.431672192206626,13.647962925563403
540,86.4,90.98665840751688,40.530420563348436,31.43175472259674,13.647998761127532
541,86.56,90.98689642543025,40.53052658950984,31.431836946966808,13.648034463814536
542,86.72,90.98713356241393,40.530632223257115,31.43191886701572,13.648070034362089
543,86.88,90.98736982334952,40.53073746676479,31.43200048442983,13.648105473502428
544,87.04,90.98760521308247,40.53084232219129,31.432081800883036,13.64814078196237
545,87.2,90.98783973642266,40.530946791679185,31.432162818036915,13.648175960463398
546,87.36,90.98807339814459,40.53105087735532,31.432243537540856,13.648211009721688
547,87.52,90.98830620298776,40.53115458133091,31.432323961032132,13.648245930448162
548,87.68,90.98853815565695,40.531257905701736,31.432404090136036,13.648280723348542
549,87.84,90.98876926082258,40.53136085254825,31.432483926465984,13.648315389123388
550,88.0,90.98899952312104,40.53146342393574,31.43256347162363,13.648349928468155
551,88.16,90.98922894715487,40.531565621914446,31.432642727198957,13.64838434207323
552,88.32000000000001,90.98945753749324,40.53166744851971,31.432721694770386,13.648418630623985
553,88.48,90.98968529867211,40.531768905772125,31.43280037590491,13.648452794800816
554,88.64,90.9899122351947,40.53186999567764,31.432878772158166,13.648486835279204
555,88.8,90.99013835153156,40.5319707202277,31.432956885074535,13.648520752729732
556,88.96000000000001,90.99036365212103,40.53207108139937,31.43303471618726,13.648554547818154
557,89.12,90.9905881413695,40.53217108115551,31.433112267018554,13.648588221205424
558,89.28,90.99081182365171,40.53227072144486,31.433189539079684,13.648621773547758
559,89.44,90.99103470331094,40.53237000420215,31.433266533871052,13.648655205496642
560,89.60000000000001,90.99125678465938,40.53246893134827,31.43334325288233,13.648688517698906
561,89.76,90.9914780719784,40.532567504790386,31.43341969759254,13.64872171079676
562,89.92,90.99169856951879,40.53266572642201,31.433495869470125,13.648754785427817
563,90.08,90.9919182815011,40.532763598123225,31.433571769973106,13.648787742225165
564,90.24,90.99213721211576,40.53286112176066,31.43364740054908,13.648820581817365
565,90.4,90.99235536552358,40.532958299187776,31.433722762635416,13.648853304828535
566,90.56,90.9925727458558,40.533055132244854,31.433797857659272,13.648885911878368
567,90.72,90.9927893572144,40.53315162275914,31.4338726870377,13.64891840358216
568,90.88,90.9930052036725,40.533247772545025,31.43394725217777,13.648950780550873
569,91.04,90.9932202892744,40.533343583404054,31.43402155447661,13.64898304339116
570,91.2,90.99343461803602,40.533439057125136,31.434095595321534,13.649015192705402
571,91.36,90.99364819394499,40.53353419548459,31.434169376090086,13.649047229091748
572,91.52,90.99386102096106,40.53362900024629,31.434242898150185,13.649079153144159
573,91.68,90.99407310301619,40.533723473161764,31.43431616286014,13.649110965452428
574,91.84,90.9942844440149,40.53381761597027,31.43438917156878,13.649142666602234
575,92.0,90.99449504783445,40.53391143039899,31.434461925615537,13.649174257175167
576,92.16,90.99470491832511,40.534004918163006,31.43453442633049,13.649205737748765
577,92.32000000000001,90.99491405931039,40.53409808096554,31.434606675034498,13.649237108896559
578,92.48,90.99512247458728,40.53419092049797,31.43467867303924,13.649268371188091
579,92.64,90.99533016792641,40.53428343843995,31.434750421647305,13.64929952518896
580,92.8,90.99553714307241,40.53437563645953,31.434821922152285,13.64933057146086
581,92.96000000000001,90.99574340374394,40.53446751621322,31.434893175838816,13.649361510561592
582,93.12,90.99594895363421,40.53455907934615,31.43496418398273,13.649392343045132
583,93.28,90.99615379641088,40.53465032749212,31.43503494785103,13.649423069461632
584,93.44,90.9963579357164,40.53474126227368,31.43510546870203,13.64945369035746
585,93.60000000000001,90.99656137516838,40.53483188530228,31.43517574778544,13.649484206275257
586,93.76,90.99676411835958,40.534922198178364,31.4352457863424,13.649514617753937
587,93.92,90.99696616885821,40.53501220249139,31.43531558560556,13.64954492532873
588,94.08,90.99716753020815,40.53510189981999,31.435385146799177,13.649575129531222
589,94.24,90.99736820592912,40.53519129173206,31.435454471139145,13.649605230889366
590,94.4,90.99756819951699,40.53528037978485,31.435523559833143,13.649635229927549
591,94.56,90.99776751444385,40.53536916552499,31.4355924140806,13.649665127166577
592,94.72,90.9979661541583,40.5354576504887,31.435661035072865,13.649694923123745
593,94.88,90.99816412208551,40.535545836201734,31.435729423993177,13.649724618312826
594,95.04,90.99836142162766,40.5356337241796,31.43579758201683,13.64975421324415
595,95.2,90.99855805616392,40.53572131592757,31.43586551031117,13.649783708424588
596,95.36,90.99875402905076,40.5358086129408,31.435933210035714,13.649813104357612
597,95.52,90.99894934362202,40.53589561670436,31.43600068234215,13.649842401543301
598,95.68,90.99914400318927,40.53598232869341,31.436067928374474,13.64987160047839
599,95.84,90.99933801104187,40.5360687503732,31.436134949269007,13.649900701656279
600,96.0,90.99953137044723,40.536154883199224,31.4362017461545,13.649929705567084
601,96.16,90.99972408465086,40.53624072861721,31.436268320152116,13.64995861269763
602,96.32000000000001,90.99991615687675,40.536326288063286,31.436334672375605,13.649987423531512
603,96.48,91.00010759032736,40.536411562964005,31.436400803931267,13.650016138549102
604,96.64,91.00029838818398,40.5364965547365,31.436466715918097,13.650044758227596
605,96.8,91.00048855360671,40.53658126478845,31.436532409427777,13.650073283041008
606,96.96000000000001,91.00067808973485,40.53666569451825,31.436597885544764,13.650101713460225
607,97.12,91.00086699968682,40.536749845315036,31.43666314534635,13.650130049953022
608,97.28,91.00105528656057,40.5368337185588,31.43672818990274,13.650158292984086
609,97.44,91.00124295343363,40.53691731562044,31.436793020277072,13.650186443015045
610,97.60000000000001,91.0014300033633,40.53700063786184,31.436857637525502,13.650214500504495
611,97.76,91.00161643938675,40.537083686635924,31.43692204269724,13.650242465908013
612,97.92,91.00180226452136,40.53716646328679,31.43698623683465,13.650270339678203
613,98.08,91.00198748176466,40.537248969149715,31.437050220973244,13.650298122264697
614,98.24000000000001,91.00217209409462,40.53733120555125,31.43711399614178,13.650325814114193
615,98.4,91.00235610446988,40.53741317380931,31.437177563362322,13.650353415670482
616,98.56,91.00253951582972,40.53749487523324,31.437240923650265,13.650380927374457
617,98.72,91.00272233109433,40.53757631112384,31.437304078014407,13.65040834966415
618,98.88,91.00290455316502,40.53765748277352,31.437367027457007,13.650435682974754
619,99.04,91.0030861849242,40.537738391466235,31.437429772973815,13.65046292773863
620,99.2,91.0032672292357,40.53781903847773,31.437492315554152,13.650490084385355
621,99.36,91.00344768894485,40.53789942507544,31.437554656180946,13.650517153341726
622,99.52,91.00362756687865,40.53797955251867,31.437616795830806,13.650544135031797
623,99.68,91.00380686584579,40.53805942205858,31.437678735473998,13.650571029876868
624,99.84,91.0039855886371,40.53813903493834,31.43774047607463,13.650597838295562
625,100.0,91.00416373802534,40.538218392393105,31.437802018590567,13.650624560703799
626,100.16,91.00434131676558,40.53829749565012,31.437863363973563,13.650651197514836
627,100.32000000000001,91.00451832759528,40.53837634592881,31.43792451316928,13.650677749139291
628,100.48,91.00469477323433,40.53845494444075,31.43798546711731,13.650704215985149
629,100.64,91.0048706563854,40.538533292389864,31.43804622675132,13.65073059845781
630,100.8,91.00504597973388,40.53861139097237,31.438106792998976,13.65075689696008
631,100.96000000000001,91.00522074594812,40.5386892413769,31.43816716678208,13.650783111892219
632,101.12,91.00539495767954,40.538766844784526,31.438227349016568,13.65080924365193
633,101.28,91.00556861756272,40.53884420236885,31.438287340612575,13.650835292634408
634,101.44,91.00574172821564,40.53892131529606,31.43834714247449,13.650861259232345
635,101.60000000000001,91.00591429223971,40.53899818472496,31.438406755500985,13.650887143835954
636,101.76,91.00608631221992,40.53907481180706,31.438466180585063,13.650912946832987
637,101.92,91.00625779072502,40.5391511976866,31.438525418614095,13.650938668608752
638,102.08,91.00642873030765,40.53922734350068,31.438584470469912,13.650964309546145
639,102.24000000000001,91.00659913350434,40.539303250379206,31.43864333702877,13.650989870025649
640,102.4,91.00676900283575,40.53937891944502,31.438702019161443,13.651015350425363
641,102.56,91.00693834080685,40.539454351813966,31.438760517733275,13.651040751121029
642,102.72,91.00710714990686,40.53952954859488,31.438818833604188,13.651066072486028
643,102.88,91.00727543260955,40.53960451088971,31.43887696762875,13.651091314891431
644,103.04,91.00744319137326,40.53967923979354,31.438934920656212,13.651116478705987
645,103.2,91.007610428641,40.53975373639463,31.438992693530526,13.65114156429615
646,103.36,91.00777714684074,40.53982800177451,31.43905028709043,13.651166572026108
647,103.52,91.00794334838525,40.53990203700798,31.43910770216945,13.651191502257788
648,103.68,91.00810903567248,40.5399758431632,31.439164939595944,13.65121635535087
649,103.84,91.00827421108548,40.54004942130172,31.439222000193165,13.651241131662822
650,104.0,91.00843887699271,40.540122772478576,31.439278884779302,13.651265831548907
